order_id,product_id,category,weight_kg,original_price,resale_price,refurb_cost,return_reason,return_distance_km,return_shipping_cost,inspection_cost,handling_cost,recycle_value,donation_value,co2_factor,return_status,fraud_flag,customer_id,days_to_return
ORD001,P001,Furniture,5.71,10870.96,5493.06,338.21,Wrong item,377,101.85,47.11,27.39,175.36,48.81,0.000214,Returned,1,C011,13
ORD002,P002,Electronics,5.44,5939.97,0.0,0.0,Defective,605,198.19,11.14,63.89,30.06,81.37,0.000222,Returned,0,C034,3
ORD003,P003,Furniture,3.24,2449.03,866.96,476.6,Damaged,100,37.95,43.12,23.33,128.23,77.42,0.00018,Returned,0,C037,2
ORD004,P004,Books,5.57,4089.73,0.0,0.0,Color issue,561,160.33,59.77,49.16,44.15,37.49,0.000173,Returned,0,C027,1
ORD005,P005,Appliances,5.88,6278.77,1963.07,252.17,Defective,756,284.55,21.51,31.19,199.03,25.58,0.000238,Returned,0,C004,7
ORD006,P006,Furniture,0.41,6368.49,2921.32,493.02,Wrong item,690,138.34,32.11,28.99,176.25,81.51,0.000227,Returned,0,C024,5
ORD007,P007,Furniture,1.73,7473.67,0.0,0.0,Wrong item,409,134.49,30.05,66.89,170.38,67.78,0.000191,Returned,0,C041,11
ORD008,P008,Books,6.16,8660.96,4077.13,355.61,Defective,772,223.19,41.78,23.8,139.71,49.65,0.000161,Returned,0,C041,6
ORD009,P009,Books,7.26,7929.1,5712.1,35.9,Defective,462,172.62,16.11,30.21,72.62,79.57,0.000172,Returned,0,C032,7
ORD010,P010,Books,6.75,5674.08,4330.91,474.93,Size issue,728,200.74,72.94,26.79,89.56,7.99,0.000208,Returned,0,C049,1
ORD011,P011,Accessories,3.23,6236.6,0.0,0.0,Size issue,550,189.96,52.74,57.81,167.63,60.97,0.00017,Returned,0,C019,5
ORD012,P012,Accessories,1.68,9713.17,5422.06,318.71,Wrong item,177,58.13,11.09,21.5,167.76,37.16,0.00017,Returned,0,C048,13
ORD013,P013,Furniture,7.32,5853.43,3569.74,987.28,Wrong item,690,263.21,31.09,37.23,147.0,97.0,0.000206,Returned,0,C001,13
ORD014,P014,Appliances,6.83,3979.83,2459.29,884.63,Size issue,401,88.74,34.07,50.2,22.52,82.44,0.000228,Returned,0,C034,5
ORD015,P015,Toys,0.23,4186.64,0.0,0.0,Color issue,181,45.51,19.48,13.82,35.69,49.24,0.000165,Returned,0,C011,10
ORD016,P016,Apparel,7.58,10674.11,5952.65,851.91,Color issue,514,122.26,51.74,47.48,91.07,86.11,0.000172,Returned,1,C050,3
ORD017,P017,Accessories,3.34,7170.19,4148.64,814.69,Damaged,437,143.6,60.94,61.98,157.91,86.36,0.00025,Returned,0,C029,3
ORD018,P018,Furniture,8.98,9294.69,6140.32,521.16,Damaged,681,241.34,64.12,11.59,125.88,19.66,0.000181,Returned,1,C020,10
ORD019,P019,Furniture,8.98,8954.18,3313.58,790.88,Wrong item,717,226.17,63.1,13.41,31.89,36.01,0.000238,Returned,0,C023,2
ORD020,P020,Electronics,5.42,7598.1,3089.54,59.49,Wrong item,677,213.81,11.28,67.66,3.9,86.42,0.000233,Returned,0,C013,3
ORD021,P021,Appliances,8.22,11319.19,5325.18,699.8,Wrong item,306,96.13,66.69,69.06,136.67,17.53,0.000167,Returned,1,C005,8
ORD022,P022,Home Decor,1.37,11733.22,8785.26,689.79,Color issue,597,189.28,72.06,35.46,189.62,30.31,0.000191,Returned,0,C026,9
ORD023,P023,Home Decor,3.71,10786.41,4701.67,918.49,Defective,111,32.94,75.64,11.8,130.97,25.42,0.000191,Returned,0,C041,9
ORD024,P024,Apparel,7.39,7660.36,0.0,0.0,Color issue,731,147.97,15.13,53.3,171.22,80.32,0.000235,Returned,0,C007,5
ORD025,P025,Furniture,8.94,7599.38,3943.92,401.06,Wrong item,498,147.39,45.02,12.17,70.72,15.65,0.000205,Returned,0,C007,5
ORD026,P026,Accessories,4.72,5045.04,2498.6,732.51,Damaged,270,60.7,45.37,33.72,91.06,87.89,0.000206,Returned,0,C033,4
ORD027,P027,Books,4.89,5397.72,2576.9,699.3,Color issue,317,122.38,37.4,58.16,113.55,25.6,0.000193,Returned,0,C010,12
ORD028,P028,Furniture,8.99,5337.28,3896.9,713.97,Defective,96,33.37,64.18,59.06,122.2,30.24,0.000164,Returned,0,C031,2
ORD029,P029,Accessories,3.93,6676.17,4763.07,759.74,Wrong item,239,84.97,20.9,66.75,24.44,70.39,0.00024,Returned,0,C004,12
ORD030,P030,Apparel,0.75,6500.9,0.0,0.0,Customer error,690,233.23,79.75,19.0,144.0,32.29,0.000242,Returned,0,C016,6
ORD031,P031,Appliances,5.6,1337.67,445.81,548.64,Damaged,362,133.33,62.24,41.82,24.55,32.55,0.000235,Returned,1,C011,10
ORD032,P032,Electronics,7.9,3629.31,1567.04,718.48,Color issue,232,73.04,14.4,38.99,149.45,87.85,0.000178,Returned,0,C008,10
ORD033,P033,Apparel,2.42,3036.07,2351.7,251.66,Customer error,334,78.97,46.38,11.39,163.78,23.96,0.000212,Returned,0,C011,12
ORD034,P034,Home Decor,4.29,220.28,106.8,489.14,Color issue,541,123.27,19.25,28.85,100.48,60.51,0.000245,Returned,0,C046,14
ORD035,P035,Books,8.83,2734.54,1228.5,788.5,Size issue,445,164.76,25.74,17.14,171.5,5.17,0.000236,Returned,1,C005,3
ORD036,P036,Toys,0.23,1040.01,0.0,0.0,Defective,388,104.53,27.82,61.48,45.94,2.08,0.000217,Returned,0,C048,7
ORD037,P037,Accessories,5.77,9627.51,3775.54,656.7,Defective,685,170.27,31.21,18.08,104.39,21.77,0.000246,Returned,0,C022,15
ORD038,P038,Apparel,0.87,1954.9,862.9,612.73,Size issue,533,193.15,37.93,21.5,62.62,87.77,0.000221,Returned,0,C043,2
ORD039,P039,Apparel,0.73,5475.37,2413.35,791.75,Defective,279,59.18,17.91,61.71,121.65,16.77,0.000169,Returned,0,C002,13
ORD040,P040,Electronics,9.07,8343.63,3052.27,437.61,Defective,326,130.2,56.54,42.83,48.02,79.28,0.000176,Returned,1,C025,11
ORD041,P041,Toys,8.35,7067.18,0.0,0.0,Customer error,146,39.4,24.72,53.48,81.41,22.96,0.000181,Returned,0,C030,14
ORD042,P042,Appliances,1.37,4167.35,1392.41,625.8,Defective,523,107.27,56.84,47.89,137.1,17.01,0.000172,Returned,1,C011,3
ORD043,P043,Home Decor,8.42,9751.87,4718.42,209.0,Color issue,675,241.94,16.96,52.56,1.01,4.86,0.000242,Returned,1,C023,7
ORD044,P044,Home Decor,3.66,11532.0,3630.85,560.66,Size issue,344,120.81,28.05,27.7,182.41,96.03,0.000167,Returned,1,C009,1
ORD045,P045,Accessories,3.47,4148.92,2013.21,532.03,Color issue,300,98.83,15.2,40.35,86.1,4.66,0.000217,Returned,0,C048,12
ORD046,P046,Books,5.57,3883.27,0.0,0.0,Size issue,157,50.64,29.46,11.51,32.33,20.83,0.000237,Returned,1,C050,8
ORD047,P047,Toys,8.19,2481.28,799.8,696.02,Damaged,170,44.46,76.34,57.62,55.12,74.29,0.000203,Returned,0,C027,14
ORD048,P048,Toys,5.99,4670.2,0.0,0.0,Defective,527,161.85,65.04,66.06,13.59,77.77,0.000242,Returned,0,C049,11
ORD049,P049,Appliances,4.81,3064.22,1033.06,531.58,Defective,276,63.4,42.76,20.38,122.5,99.25,0.000228,Returned,1,C020,10
ORD050,P050,Appliances,6.26,11087.19,4811.0,398.38,Size issue,570,161.14,33.08,53.39,152.58,27.58,0.000201,Returned,0,C019,4
ORD051,P051,Appliances,7.07,2536.05,0.0,0.0,Color issue,640,153.94,58.85,47.13,190.43,28.24,0.000241,Returned,0,C001,12
ORD052,P052,Furniture,6.51,10375.42,0.0,0.0,Customer error,409,132.3,60.89,12.61,120.12,76.72,0.000232,Returned,1,C011,2
ORD053,P053,Accessories,0.29,3521.64,1677.13,743.86,Damaged,247,58.35,16.96,53.43,90.34,24.99,0.000194,Returned,1,C002,12
ORD054,P054,Accessories,0.49,617.04,0.0,0.0,Customer error,218,79.24,48.04,46.09,144.64,2.73,0.000217,Returned,1,C026,10
ORD055,P055,Books,8.44,4184.6,1540.69,614.76,Defective,488,107.97,74.33,34.4,101.18,59.5,0.000199,Returned,1,C043,9
ORD056,P056,Electronics,5.97,6023.8,3302.73,967.64,Size issue,403,108.96,27.25,17.26,120.88,97.61,0.000195,Returned,1,C040,9
ORD057,P057,Toys,5.73,1413.9,724.13,42.81,Customer error,714,215.25,18.76,53.64,183.59,50.97,0.000191,Returned,0,C039,11
ORD058,P058,Appliances,5.76,11870.44,7406.27,89.74,Color issue,206,48.12,53.48,69.6,62.69,87.28,0.00019,Returned,0,C039,10
ORD059,P059,Electronics,6.37,11020.73,6484.74,618.7,Color issue,427,135.21,36.29,35.1,135.51,54.61,0.000228,Returned,1,C013,14
ORD060,P060,Accessories,7.02,6706.34,2653.8,730.41,Defective,562,180.27,54.86,60.11,176.27,44.59,0.000246,Returned,0,C031,14
ORD061,P061,Home Decor,1.22,7714.3,0.0,0.0,Wrong item,743,206.87,66.95,67.59,130.11,88.02,0.000177,Returned,0,C035,14
ORD062,P062,Apparel,2.99,9061.75,0.0,0.0,Defective,777,211.38,53.64,49.1,13.7,71.54,0.000202,Returned,1,C012,5
ORD063,P063,Books,3.94,1591.08,0.0,0.0,Customer error,85,28.84,78.9,63.61,0.58,15.87,0.000223,Returned,1,C046,1
ORD064,P064,Accessories,9.97,7028.83,0.0,0.0,Wrong item,538,177.62,73.27,15.22,41.66,19.19,0.000217,Returned,0,C003,8
ORD065,P065,Electronics,2.79,8945.17,6263.26,84.91,Damaged,296,75.73,67.89,24.93,106.74,78.7,0.000198,Returned,1,C023,7
ORD066,P066,Books,2.16,6252.04,0.0,0.0,Damaged,352,96.16,11.64,50.67,48.04,70.43,0.000214,Returned,0,C041,15
ORD067,P067,Books,5.33,8573.09,0.0,0.0,Damaged,602,168.72,42.86,52.6,99.97,5.24,0.000249,Returned,0,C021,4
ORD068,P068,Toys,9.38,2394.81,1190.23,69.97,Wrong item,427,136.83,11.22,24.13,111.86,4.99,0.00024,Returned,1,C028,1
ORD069,P069,Furniture,5.88,4472.07,0.0,0.0,Wrong item,344,85.79,18.2,44.89,26.17,12.25,0.000172,Returned,1,C021,9
ORD070,P070,Apparel,6.39,7935.03,0.0,0.0,Customer error,557,139.58,45.23,14.7,107.51,85.31,0.00022,Returned,0,C032,9
ORD071,P071,Accessories,4.48,7781.34,5936.58,639.58,Defective,249,98.06,28.68,32.94,120.53,2.01,0.000161,Returned,0,C034,3
ORD072,P072,Electronics,9.31,4648.55,2018.44,217.06,Customer error,372,95.03,35.53,26.78,75.84,92.99,0.000219,Returned,0,C032,6
ORD073,P073,Appliances,8.82,3824.84,0.0,0.0,Wrong item,270,79.82,62.0,27.11,30.94,70.19,0.000232,Returned,1,C016,5
ORD074,P074,Apparel,0.87,6275.33,0.0,0.0,Defective,165,55.14,70.44,56.14,118.2,10.97,0.000207,Returned,0,C037,12
ORD075,P075,Toys,7.78,224.76,123.02,77.44,Wrong item,527,209.63,43.76,27.02,48.13,45.96,0.00025,Returned,0,C009,4
ORD076,P076,Furniture,0.72,2888.96,1698.99,589.45,Wrong item,489,119.88,10.71,17.98,175.2,32.74,0.000175,Returned,0,C023,8
ORD077,P077,Books,7.96,11490.52,3659.51,404.86,Color issue,572,195.84,44.22,55.84,158.17,69.86,0.000206,Returned,1,C018,11
ORD078,P078,Electronics,6.98,7604.18,5556.25,797.59,Size issue,226,83.94,40.56,11.73,113.1,43.13,0.000162,Returned,0,C033,11
ORD079,P079,Appliances,8.94,9800.13,4507.2,448.9,Defective,205,76.14,18.19,13.64,36.44,69.05,0.000174,Returned,1,C045,3
ORD080,P080,Apparel,8.32,9239.97,4463.6,630.94,Damaged,81,27.59,69.98,21.71,157.23,9.39,0.00022,Returned,0,C005,8
ORD081,P081,Toys,7.61,5420.34,0.0,0.0,Wrong item,724,171.57,63.92,35.29,156.66,32.78,0.000186,Returned,0,C030,10
ORD082,P082,Books,1.05,7937.08,4478.07,213.03,Damaged,796,248.14,75.25,67.42,30.64,66.43,0.00022,Returned,0,C049,15
ORD083,P083,Toys,9.61,10124.5,4416.85,240.58,Defective,619,184.35,35.04,23.47,108.84,42.6,0.000249,Returned,0,C043,10
ORD084,P084,Accessories,1.51,5581.29,3593.68,384.95,Size issue,203,74.75,75.54,16.2,126.2,96.15,0.000181,Returned,0,C003,5
ORD085,P085,Home Decor,2.29,829.2,0.0,0.0,Defective,386,89.41,20.71,47.34,21.98,1.4,0.000175,Returned,0,C008,9
ORD086,P086,Electronics,0.76,8171.38,3806.06,757.48,Customer error,325,79.85,21.18,41.71,176.73,45.08,0.00017,Returned,1,C042,7
ORD087,P087,Toys,1.32,5945.57,2854.63,579.87,Damaged,153,49.05,47.79,27.13,185.45,29.99,0.000173,Returned,1,C034,15
ORD088,P088,Books,2.12,10366.75,6519.81,541.16,Color issue,544,171.66,25.15,66.42,27.03,42.47,0.000217,Returned,0,C031,2
ORD089,P089,Accessories,0.92,2355.26,1608.46,927.41,Defective,519,107.26,56.39,46.56,144.06,64.66,0.000242,Returned,0,C010,12
ORD090,P090,Home Decor,6.11,11496.78,5751.02,956.41,Damaged,742,271.44,43.33,28.61,2.43,20.05,0.000189,Returned,0,C004,5
ORD091,P091,Furniture,3.74,1706.92,1254.1,127.11,Damaged,192,58.05,41.67,57.18,144.79,4.85,0.000203,Returned,0,C039,3
ORD092,P092,Toys,6.34,5550.45,2720.02,422.51,Defective,781,214.72,47.26,55.49,71.41,56.81,0.000195,Returned,0,C010,1
ORD093,P093,Books,1.48,8999.26,0.0,0.0,Color issue,236,48.54,10.49,31.55,196.27,5.03,0.000179,Returned,1,C019,2
ORD094,P094,Apparel,1.62,11914.65,8844.03,688.98,Size issue,555,189.84,41.87,52.96,55.49,5.18,0.000162,Returned,0,C002,13
ORD095,P095,Apparel,5.3,8495.28,0.0,0.0,Color issue,559,135.45,10.71,28.26,79.8,48.44,0.000179,Returned,0,C004,10
ORD096,P096,Furniture,9.88,3886.36,0.0,0.0,Wrong item,437,105.12,18.69,41.43,108.08,49.09,0.000182,Returned,1,C031,5
ORD097,P097,Appliances,4.75,8064.44,4139.66,4.27,Color issue,565,199.72,49.58,53.54,137.72,73.14,0.000234,Returned,0,C020,15
ORD098,P098,Books,5.81,7287.2,4832.86,675.36,Wrong item,137,50.89,37.2,43.97,139.29,69.5,0.000167,Returned,1,C025,3
ORD099,P099,Appliances,7.72,2668.71,2080.76,641.23,Customer error,687,262.68,76.71,17.25,147.19,10.12,0.00017,Returned,0,C047,2
ORD100,P100,Toys,6.4,9522.39,6790.18,224.33,Defective,739,190.71,67.72,22.36,55.01,50.31,0.000207,Returned,0,C007,9
ORD101,P101,Appliances,1.05,1035.67,0.0,0.0,Defective,173,66.1,51.89,65.7,77.81,22.51,0.00021,Returned,0,C027,8
ORD102,P102,Toys,9.15,4796.1,0.0,0.0,Defective,92,19.98,19.33,46.6,80.45,48.49,0.000175,Returned,0,C030,11
ORD103,P103,Toys,0.73,7380.51,4034.61,683.11,Customer error,258,65.29,26.46,33.98,78.86,73.47,0.000161,Returned,0,C015,14
ORD104,P104,Electronics,7.1,10867.83,0.0,0.0,Color issue,584,152.45,42.99,32.85,9.48,75.83,0.000214,Returned,1,C022,7
ORD105,P105,Furniture,4.43,8035.8,0.0,0.0,Customer error,252,60.97,63.44,24.56,7.62,76.85,0.000238,Returned,0,C049,6
ORD106,P106,Books,5.97,4152.62,2311.59,537.5,Customer error,235,92.29,57.43,41.91,12.64,36.67,0.000184,Returned,0,C026,7
ORD107,P107,Electronics,0.87,4138.43,0.0,0.0,Color issue,566,212.32,44.6,18.4,154.53,21.7,0.000209,Returned,0,C020,12
ORD108,P108,Books,4.53,2337.01,1497.66,806.12,Color issue,136,29.3,20.21,36.34,146.14,70.2,0.000218,Returned,1,C044,8
ORD109,P109,Appliances,8.26,3587.85,0.0,0.0,Damaged,554,169.23,48.95,17.16,46.09,31.53,0.00019,Returned,0,C030,6
ORD110,P110,Appliances,9.22,7961.8,0.0,0.0,Wrong item,685,223.64,77.82,66.54,128.31,96.56,0.000201,Returned,0,C021,2
ORD111,P111,Apparel,8.18,6294.54,4972.86,284.21,Customer error,628,137.38,28.01,10.81,96.52,1.29,0.000205,Returned,1,C039,6
ORD112,P112,Apparel,3.02,3403.98,0.0,0.0,Size issue,634,148.77,56.16,24.22,34.27,59.68,0.000224,Returned,0,C018,11
ORD113,P113,Appliances,0.82,7804.77,6052.03,245.82,Wrong item,475,136.0,43.8,22.53,159.92,15.5,0.000232,Returned,0,C023,8
ORD114,P114,Appliances,8.5,6015.26,2051.76,681.95,Defective,97,25.86,64.96,16.71,58.88,68.69,0.000207,Returned,1,C008,7
ORD115,P115,Furniture,9.39,10626.16,5774.19,189.19,Customer error,477,95.5,16.12,50.89,98.11,43.46,0.000167,Returned,0,C002,13
ORD116,P116,Electronics,1.48,250.93,82.55,460.88,Defective,240,80.52,32.25,36.96,14.23,81.14,0.000238,Returned,0,C005,2
ORD117,P117,Furniture,9.93,10794.85,4272.17,134.2,Size issue,166,61.72,15.88,42.57,49.79,99.78,0.000184,Returned,1,C040,3
ORD118,P118,Appliances,1.31,8110.06,0.0,0.0,Customer error,362,121.16,76.83,25.94,91.93,18.27,0.000201,Returned,0,C006,6
ORD119,P119,Toys,3.44,5701.83,3575.62,132.08,Damaged,537,147.6,69.77,44.68,74.45,69.77,0.000161,Returned,0,C042,8
ORD120,P120,Apparel,8.93,4781.05,2744.75,662.59,Color issue,182,58.37,44.77,24.54,185.25,30.12,0.000238,Returned,0,C023,14
ORD121,P121,Electronics,9.97,9452.17,4940.95,132.03,Damaged,387,116.2,42.56,43.54,35.69,18.59,0.000197,Returned,0,C044,9
ORD122,P122,Furniture,9.39,6739.88,2907.8,512.17,Damaged,409,108.65,44.28,22.78,54.79,53.73,0.000235,Returned,0,C024,8
ORD123,P123,Home Decor,1.5,6458.74,2469.59,484.36,Wrong item,389,84.95,12.3,27.94,96.22,62.1,0.000208,Returned,0,C034,11
ORD124,P124,Home Decor,2.21,4643.7,3627.6,149.91,Size issue,598,139.91,35.52,49.11,149.98,20.75,0.000221,Returned,0,C014,6
ORD125,P125,Apparel,6.59,7915.73,0.0,0.0,Color issue,747,247.65,25.61,38.67,178.29,64.53,0.000179,Returned,0,C021,5
ORD126,P126,Electronics,4.64,5801.29,1838.8,616.34,Wrong item,730,226.15,14.59,13.93,184.09,5.28,0.000199,Returned,0,C030,15
ORD127,P127,Books,4.0,3297.01,1215.7,471.2,Color issue,366,97.66,28.71,47.43,4.0,1.5,0.000239,Returned,0,C028,11
ORD128,P128,Books,3.72,9916.18,0.0,0.0,Customer error,332,94.37,27.79,68.22,82.65,50.06,0.000216,Returned,0,C045,8
ORD129,P129,Furniture,4.91,11145.78,4930.87,605.23,Wrong item,197,45.52,16.97,18.33,100.13,92.63,0.000179,Returned,0,C041,13
ORD130,P130,Apparel,7.14,9754.78,3086.16,777.12,Customer error,325,89.36,19.3,21.03,52.36,14.34,0.000203,Returned,0,C016,14
ORD131,P131,Apparel,0.73,9849.22,0.0,0.0,Size issue,401,83.22,23.06,68.7,24.36,14.33,0.00022,Returned,0,C011,8
ORD132,P132,Electronics,0.88,4756.51,1990.76,860.14,Wrong item,591,220.48,19.78,37.33,153.2,67.81,0.000163,Returned,0,C017,9
ORD133,P133,Appliances,8.5,10036.5,6260.6,423.93,Customer error,129,37.04,52.3,20.71,102.44,24.33,0.000247,Returned,0,C049,5
ORD134,P134,Furniture,6.27,4877.7,2057.21,405.46,Defective,499,147.56,49.96,65.35,24.3,82.67,0.000191,Returned,0,C037,12
ORD135,P135,Appliances,3.96,8013.28,5394.5,592.4,Customer error,324,94.07,46.69,24.37,93.29,78.31,0.00023,Returned,1,C026,5
ORD136,P136,Home Decor,2.4,11701.94,0.0,0.0,Customer error,630,212.71,78.96,13.42,84.06,8.74,0.000174,Returned,1,C010,10
ORD137,P137,Home Decor,2.89,8840.73,0.0,0.0,Defective,291,68.32,33.1,29.38,117.97,87.1,0.000177,Returned,0,C003,5
ORD138,P138,Apparel,7.79,8336.85,6416.12,815.64,Customer error,300,65.7,32.74,18.49,33.92,11.55,0.000212,Returned,1,C043,14
ORD139,P139,Furniture,0.33,1778.58,651.12,966.45,Defective,771,297.16,24.75,18.23,81.44,96.28,0.000171,Returned,1,C002,8
ORD140,P140,Apparel,1.39,9097.55,0.0,0.0,Wrong item,481,166.9,42.52,12.82,1.78,77.27,0.000178,Returned,0,C004,15
ORD141,P141,Toys,8.56,2044.31,1468.64,131.15,Size issue,730,209.45,57.53,20.86,171.19,25.83,0.000164,Returned,0,C016,2
ORD142,P142,Electronics,1.4,9697.43,4122.64,254.43,Color issue,285,113.2,74.8,46.89,27.63,40.66,0.000214,Returned,0,C046,2
ORD143,P143,Books,1.12,9493.3,4222.71,305.4,Color issue,600,231.55,19.98,63.64,126.87,79.01,0.000176,Returned,0,C033,6
ORD144,P144,Electronics,3.88,2555.38,1483.95,905.27,Customer error,530,170.35,54.72,44.41,19.14,76.87,0.000233,Returned,0,C041,11
ORD145,P145,Furniture,1.07,822.4,0.0,0.0,Size issue,668,133.97,62.88,31.61,7.09,49.11,0.000206,Returned,0,C031,2
ORD146,P146,Accessories,5.52,1725.55,591.89,454.66,Defective,727,205.74,70.52,51.18,118.82,4.72,0.000211,Returned,1,C036,4
ORD147,P147,Apparel,2.7,3948.25,1863.67,610.18,Defective,112,34.63,65.26,54.83,33.51,55.64,0.000231,Returned,0,C047,4
ORD148,P148,Electronics,4.71,5991.99,4500.78,442.29,Customer error,356,89.59,28.51,41.41,162.05,52.05,0.000209,Returned,0,C028,9
ORD149,P149,Apparel,1.44,5210.16,1954.26,636.91,Wrong item,291,101.92,41.67,40.2,132.6,66.49,0.000216,Returned,0,C043,8
ORD150,P150,Furniture,2.53,5855.24,4523.66,720.6,Customer error,246,62.43,35.01,50.17,41.24,32.92,0.000209,Returned,0,C050,3
ORD151,P151,Appliances,6.99,6179.17,4439.59,690.67,Wrong item,309,108.83,24.74,18.33,132.35,38.57,0.000166,Returned,0,C016,8
ORD152,P152,Furniture,2.34,4830.11,1639.82,272.4,Wrong item,498,168.83,74.85,52.57,79.27,11.07,0.000173,Returned,1,C017,9
ORD153,P153,Furniture,1.72,5007.7,3760.23,946.39,Damaged,606,159.04,42.39,64.94,62.46,13.28,0.000189,Returned,0,C045,6
ORD154,P154,Accessories,4.26,3375.32,2604.28,554.55,Size issue,234,75.19,39.86,37.96,123.27,56.7,0.000217,Returned,0,C025,12
ORD155,P155,Furniture,9.09,1956.87,1045.37,453.99,Color issue,500,122.79,13.3,28.72,157.16,13.7,0.000238,Returned,0,C007,12
ORD156,P156,Apparel,9.82,11619.62,3540.91,523.76,Customer error,248,76.48,73.47,44.55,79.94,46.66,0.000228,Returned,1,C016,2
ORD157,P157,Electronics,3.16,10509.55,5860.34,176.53,Customer error,372,96.96,31.85,23.98,125.88,53.34,0.000205,Returned,0,C021,6
ORD158,P158,Apparel,1.48,6975.16,0.0,0.0,Customer error,160,52.91,15.79,24.14,61.98,89.78,0.000181,Returned,0,C032,4
ORD159,P159,Accessories,4.24,3187.23,1881.79,268.99,Wrong item,671,152.86,55.84,36.5,111.1,1.39,0.000231,Returned,0,C032,2
ORD160,P160,Apparel,1.53,1544.05,680.6,152.91,Size issue,125,27.13,72.0,37.3,9.84,90.72,0.000165,Returned,0,C019,11
ORD161,P161,Books,5.77,2285.05,1306.53,406.03,Customer error,68,20.02,61.07,55.69,84.49,46.61,0.000247,Returned,0,C017,10
ORD162,P162,Home Decor,1.64,4445.66,0.0,0.0,Color issue,703,161.17,43.96,19.98,17.69,3.77,0.000166,Returned,0,C032,7
ORD163,P163,Books,1.94,3368.07,1421.62,971.8,Wrong item,687,232.52,16.57,20.34,196.68,98.76,0.000225,Returned,0,C047,3
ORD164,P164,Furniture,8.15,3463.01,2752.48,936.59,Damaged,481,182.77,66.27,21.29,79.37,91.1,0.000216,Returned,0,C012,13
ORD165,P165,Electronics,0.68,2759.21,1125.89,944.96,Color issue,115,42.26,36.0,26.11,136.57,54.15,0.000245,Returned,0,C037,7
ORD166,P166,Accessories,9.12,1367.8,776.49,264.18,Color issue,120,38.96,31.78,42.88,70.22,82.35,0.000193,Returned,0,C019,9
ORD167,P167,Home Decor,3.46,8839.17,5253.05,331.13,Size issue,790,268.72,21.99,44.36,158.36,90.95,0.00019,Returned,0,C039,7
ORD168,P168,Toys,1.7,2576.36,0.0,0.0,Color issue,743,280.03,39.67,33.13,71.25,5.8,0.000161,Returned,0,C006,11
ORD169,P169,Toys,5.12,9011.16,5967.93,254.49,Defective,733,159.69,27.72,57.26,38.37,33.47,0.000178,Returned,0,C022,11
ORD170,P170,Apparel,5.73,9008.44,3187.41,628.66,Color issue,238,48.79,43.18,17.94,50.63,85.46,0.00018,Returned,0,C012,6
ORD171,P171,Toys,2.35,4498.95,0.0,0.0,Damaged,510,163.48,25.44,11.54,80.11,98.5,0.000166,Returned,0,C049,10
ORD172,P172,Electronics,2.11,308.62,223.6,235.74,Wrong item,244,96.51,74.96,67.83,24.29,31.43,0.000218,Returned,0,C002,1
ORD173,P173,Home Decor,3.24,2695.71,1964.83,357.36,Defective,539,115.86,24.69,11.78,146.52,31.97,0.000184,Returned,0,C016,1
ORD174,P174,Electronics,4.82,9635.04,4197.13,325.29,Wrong item,249,61.15,70.85,15.37,63.85,72.17,0.000181,Returned,0,C037,6
ORD175,P175,Books,4.26,1547.77,0.0,0.0,Damaged,211,60.77,19.3,35.53,118.02,82.06,0.00024,Returned,0,C027,7
ORD176,P176,Electronics,2.64,8275.51,5041.97,710.98,Damaged,745,160.99,77.37,41.73,15.24,11.96,0.000201,Returned,0,C040,14
ORD177,P177,Apparel,4.74,2268.09,0.0,0.0,Damaged,630,150.37,17.74,32.64,181.48,93.26,0.000249,Returned,1,C037,14
ORD178,P178,Electronics,7.59,6360.28,2760.53,227.23,Wrong item,687,162.98,61.06,40.83,35.67,7.4,0.000177,Returned,0,C042,12
ORD179,P179,Furniture,7.63,9290.66,2846.31,426.93,Wrong item,672,178.85,44.16,33.66,4.92,37.43,0.000165,Returned,0,C031,12
ORD180,P180,Books,3.16,6424.99,2170.72,151.26,Customer error,478,117.38,35.43,47.35,108.23,97.42,0.0002,Returned,1,C006,2
ORD181,P181,Apparel,0.46,2239.52,1330.43,826.29,Damaged,743,159.51,22.76,63.57,2.1,99.68,0.000233,Returned,0,C001,2
ORD182,P182,Apparel,8.76,1177.79,598.43,665.85,Wrong item,82,17.86,12.33,33.85,16.5,92.93,0.00018,Returned,0,C013,15
ORD183,P183,Appliances,9.2,2660.26,0.0,0.0,Customer error,605,212.58,30.67,16.26,73.77,27.21,0.000234,Returned,0,C023,4
ORD184,P184,Electronics,7.0,7754.83,4524.61,246.24,Damaged,441,136.14,75.5,50.07,35.18,25.46,0.000215,Returned,0,C008,8
ORD185,P185,Apparel,4.7,5747.75,2787.41,736.49,Customer error,726,197.49,40.74,65.81,76.94,32.85,0.000199,Returned,0,C007,4
ORD186,P186,Toys,9.12,7477.03,3405.98,269.67,Defective,338,85.52,52.6,68.66,27.68,16.58,0.000231,Returned,0,C033,5
ORD187,P187,Books,4.51,6988.12,4846.57,89.02,Defective,62,18.13,51.61,25.34,191.93,16.49,0.000164,Returned,0,C005,15
ORD188,P188,Appliances,5.38,4670.4,2376.03,914.05,Wrong item,547,150.58,41.67,28.46,110.81,83.68,0.000174,Returned,1,C021,9
ORD189,P189,Home Decor,6.27,10356.78,7348.63,193.0,Damaged,721,284.33,39.15,48.88,190.83,15.18,0.000206,Returned,0,C013,6
ORD190,P190,Appliances,1.8,6975.4,3068.69,324.58,Color issue,515,138.41,60.47,55.63,81.08,8.18,0.000225,Returned,0,C031,12
ORD191,P191,Apparel,8.71,2867.73,1922.04,975.31,Color issue,81,29.25,29.26,51.7,140.9,12.35,0.000206,Returned,0,C040,10
ORD192,P192,Toys,6.22,9412.65,7403.36,47.19,Customer error,788,235.11,28.31,56.27,122.06,84.63,0.000198,Returned,1,C027,15
ORD193,P193,Electronics,1.76,8992.2,0.0,0.0,Size issue,776,174.84,59.49,64.23,161.75,87.03,0.000198,Returned,1,C013,10
ORD194,P194,Electronics,3.46,5693.99,2974.07,723.35,Size issue,643,154.27,60.47,10.68,179.98,49.97,0.00024,Returned,1,C044,14
ORD195,P195,Accessories,9.63,233.12,0.0,0.0,Wrong item,335,113.97,77.79,62.21,29.41,21.61,0.000241,Returned,0,C044,12
ORD196,P196,Apparel,2.86,10236.69,7640.51,365.57,Wrong item,408,100.99,75.08,43.49,90.12,88.88,0.000191,Returned,1,C038,12
ORD197,P197,Books,4.51,5567.28,3576.55,677.5,Size issue,650,194.97,11.26,55.33,152.86,46.11,0.000161,Returned,0,C008,14
ORD198,P198,Electronics,3.6,11071.83,0.0,0.0,Defective,511,180.9,56.45,19.81,189.24,63.72,0.000238,Returned,0,C023,2
ORD199,P199,Toys,1.15,11271.66,8956.62,986.65,Color issue,327,102.54,67.85,42.29,82.16,62.53,0.000239,Returned,1,C013,1
ORD200,P200,Appliances,9.07,11251.57,0.0,0.0,Wrong item,326,130.33,24.49,25.38,177.25,73.0,0.000205,Returned,0,C018,6
ORD201,P201,Home Decor,7.17,5170.88,3383.91,884.6,Damaged,322,78.48,65.53,13.55,194.45,39.27,0.000228,Returned,0,C001,1
ORD202,P202,Appliances,7.58,662.36,491.53,332.82,Damaged,217,80.17,20.91,25.89,76.72,91.59,0.000246,Returned,0,C002,4
ORD203,P203,Appliances,5.87,6572.88,2670.51,287.69,Damaged,461,165.32,37.53,16.84,109.43,39.86,0.000201,Returned,0,C030,13
ORD204,P204,Appliances,5.41,9764.74,4751.38,904.77,Size issue,123,49.13,18.11,58.81,187.53,40.69,0.000194,Returned,0,C001,1
ORD205,P205,Electronics,1.38,3379.37,2549.42,418.62,Damaged,572,182.92,42.5,23.36,174.19,89.04,0.000167,Returned,0,C040,11
ORD206,P206,Toys,0.93,10902.15,5188.63,911.71,Wrong item,678,184.89,45.64,59.92,113.1,9.86,0.000241,Returned,0,C043,8
ORD207,P207,Appliances,0.24,7420.01,3665.02,278.83,Size issue,314,101.54,51.21,26.55,63.49,26.26,0.000239,Returned,0,C006,6
ORD208,P208,Appliances,7.77,5314.82,0.0,0.0,Wrong item,598,202.14,45.55,21.34,14.73,35.65,0.000238,Returned,0,C027,7
ORD209,P209,Accessories,5.79,10069.84,5993.42,843.16,Customer error,555,119.7,20.77,16.57,97.65,44.85,0.00024,Returned,0,C032,15
ORD210,P210,Electronics,9.46,9566.77,3912.48,429.98,Defective,455,96.23,13.12,26.98,137.14,86.07,0.000187,Returned,0,C023,5
ORD211,P211,Furniture,8.48,2096.57,0.0,0.0,Wrong item,698,220.14,21.4,20.19,190.48,55.11,0.000193,Returned,0,C049,1
ORD212,P212,Appliances,6.49,10856.4,0.0,0.0,Damaged,499,127.99,57.37,42.05,158.29,92.7,0.000173,Returned,1,C050,4
ORD213,P213,Appliances,7.9,11890.81,3687.34,362.52,Size issue,699,245.77,54.01,61.08,102.71,14.99,0.000233,Returned,0,C040,6
ORD214,P214,Apparel,1.12,8599.65,6351.86,159.62,Defective,231,68.13,50.13,60.08,189.78,73.44,0.000227,Returned,0,C017,15
ORD215,P215,Books,3.36,6556.12,3302.61,293.35,Size issue,761,261.15,55.32,51.29,160.48,67.85,0.000243,Returned,0,C050,1
ORD216,P216,Electronics,5.78,8963.06,0.0,0.0,Defective,316,95.17,69.76,16.87,198.05,77.41,0.000235,Returned,0,C011,4
ORD217,P217,Furniture,5.89,4026.56,0.0,0.0,Wrong item,380,79.66,76.99,25.49,88.33,30.03,0.000173,Returned,0,C041,9
ORD218,P218,Accessories,0.44,7380.33,0.0,0.0,Defective,177,47.08,73.57,28.24,151.92,64.96,0.000234,Returned,0,C002,4
ORD219,P219,Accessories,8.57,5186.37,2977.59,654.12,Damaged,345,81.49,44.3,58.2,88.07,37.69,0.000167,Returned,0,C004,2
ORD220,P220,Books,4.75,8286.5,5250.27,497.4,Size issue,281,99.18,56.12,63.73,151.26,67.67,0.000209,Returned,0,C048,2
ORD221,P221,Accessories,8.05,9560.32,0.0,0.0,Size issue,204,50.18,49.03,26.76,6.42,92.03,0.000171,Returned,1,C002,7
ORD222,P222,Home Decor,0.99,7576.2,2820.84,27.59,Color issue,356,110.59,41.14,35.1,58.64,80.52,0.000178,Returned,0,C029,1
ORD223,P223,Appliances,7.72,11096.44,6526.47,12.08,Wrong item,551,194.36,16.03,57.26,19.34,60.15,0.000209,Returned,0,C040,1
ORD224,P224,Toys,4.94,11284.54,5490.01,148.57,Customer error,684,235.2,78.82,65.67,9.28,46.91,0.000193,Returned,0,C009,7
ORD225,P225,Furniture,7.05,11425.24,0.0,0.0,Wrong item,695,215.82,20.2,33.17,33.72,50.41,0.000228,Returned,1,C036,7
ORD226,P226,Apparel,1.97,7804.36,4990.54,935.65,Size issue,559,218.35,33.27,36.04,110.16,93.41,0.000191,Returned,0,C006,15
ORD227,P227,Furniture,6.87,9276.09,0.0,0.0,Customer error,624,149.52,23.83,55.1,18.93,0.53,0.000186,Returned,0,C032,14
ORD228,P228,Home Decor,2.05,3382.56,1350.16,522.6,Customer error,82,24.71,25.47,31.85,140.85,82.56,0.000243,Returned,1,C031,12
ORD229,P229,Furniture,7.96,5208.11,3701.2,46.62,Color issue,705,204.62,45.97,27.52,74.79,78.27,0.000231,Returned,1,C014,6
ORD230,P230,Books,8.22,6212.13,0.0,0.0,Size issue,120,26.69,70.98,67.81,23.07,94.92,0.000187,Returned,0,C021,5
ORD231,P231,Accessories,6.66,1641.08,0.0,0.0,Color issue,424,132.44,13.57,60.75,181.2,63.85,0.000166,Returned,0,C014,12
ORD232,P232,Furniture,5.35,8981.91,4574.86,581.9,Customer error,483,168.63,38.99,13.75,103.0,58.73,0.000166,Returned,0,C036,11
ORD233,P233,Books,1.9,5606.64,3390.63,160.67,Wrong item,313,94.36,57.23,26.4,28.52,13.77,0.000199,Returned,0,C028,14
ORD234,P234,Appliances,4.26,8700.15,4043.97,828.0,Size issue,768,234.23,15.94,54.61,31.98,0.64,0.000191,Returned,0,C019,4
ORD235,P235,Accessories,6.58,11211.48,0.0,0.0,Damaged,243,53.59,19.36,16.19,34.63,81.3,0.000213,Returned,0,C025,13
ORD236,P236,Apparel,2.67,3065.99,973.35,585.6,Customer error,256,79.16,40.73,28.26,77.73,54.59,0.000172,Returned,0,C018,10
ORD237,P237,Toys,7.05,5485.8,3045.91,485.01,Size issue,720,151.05,55.75,68.9,64.75,76.59,0.000162,Returned,1,C022,8
ORD238,P238,Furniture,3.5,512.41,181.81,237.2,Color issue,556,216.83,74.88,26.89,95.29,73.47,0.000246,Returned,1,C026,6
ORD239,P239,Home Decor,7.15,4097.49,0.0,0.0,Size issue,762,173.06,72.9,12.16,117.97,53.78,0.000212,Returned,1,C047,12
ORD240,P240,Toys,8.55,2102.66,752.15,949.48,Customer error,203,69.43,63.95,22.07,197.28,60.62,0.000162,Returned,0,C042,4
ORD241,P241,Toys,3.11,3502.12,0.0,0.0,Size issue,373,118.87,77.48,66.54,41.3,91.49,0.000227,Returned,0,C022,10
ORD242,P242,Books,6.98,4817.14,2875.51,751.14,Color issue,555,112.75,41.3,41.68,25.16,91.5,0.000198,Returned,0,C023,13
ORD243,P243,Furniture,3.61,10133.32,0.0,0.0,Customer error,388,86.15,20.08,27.8,51.03,0.44,0.000181,Returned,1,C045,13
ORD244,P244,Appliances,7.49,6177.08,3976.67,39.41,Wrong item,126,34.24,57.93,42.97,175.78,96.78,0.000201,Returned,1,C024,12
ORD245,P245,Books,5.62,7185.26,4280.02,931.8,Color issue,716,178.21,64.71,35.18,79.19,36.09,0.000241,Returned,1,C038,10
ORD246,P246,Books,4.04,3904.51,1362.02,410.86,Size issue,589,185.7,16.09,21.41,8.64,52.48,0.000244,Returned,1,C001,8
ORD247,P247,Toys,1.65,4926.02,1539.42,282.52,Damaged,210,55.67,45.49,24.58,43.67,75.57,0.000194,Returned,1,C035,1
ORD248,P248,Accessories,2.42,254.83,0.0,0.0,Size issue,210,71.11,33.61,13.6,71.86,50.67,0.000242,Returned,0,C030,12
ORD249,P249,Toys,5.31,6307.27,3454.9,492.18,Damaged,581,154.23,33.99,43.49,182.56,25.9,0.000164,Returned,0,C003,9
ORD250,P250,Furniture,6.57,8071.04,4367.31,889.58,Defective,248,93.86,22.12,14.6,142.93,81.57,0.000219,Returned,0,C024,13
ORD251,P251,Home Decor,9.53,6674.12,0.0,0.0,Customer error,398,149.08,20.77,29.91,172.8,49.51,0.000177,Returned,0,C030,15
ORD252,P252,Furniture,2.21,8483.15,5357.78,873.09,Wrong item,315,113.9,55.9,29.6,161.19,57.57,0.000205,Returned,1,C023,8
ORD253,P253,Toys,4.37,11519.74,7479.16,902.51,Defective,442,163.72,38.99,42.81,33.92,84.75,0.000186,Returned,1,C036,8
ORD254,P254,Toys,5.48,9490.26,5651.87,820.94,Defective,766,211.8,47.59,48.85,63.0,7.84,0.000182,Returned,1,C026,1
ORD255,P255,Books,0.31,10728.09,3518.87,409.2,Damaged,277,67.41,29.67,44.71,48.86,81.3,0.000179,Returned,0,C009,11
ORD256,P256,Furniture,0.71,11967.28,7074.06,692.63,Customer error,398,91.53,45.99,53.75,59.75,50.77,0.000195,Returned,1,C031,8
ORD257,P257,Books,6.94,10580.13,8319.45,177.57,Damaged,336,113.34,32.34,40.51,33.55,64.85,0.000203,Returned,0,C010,14
ORD258,P258,Accessories,7.75,1203.18,713.93,312.29,Defective,484,174.13,62.26,55.46,151.3,25.98,0.000203,Returned,1,C049,4
ORD259,P259,Appliances,0.45,8106.13,0.0,0.0,Damaged,390,124.15,60.06,11.87,108.76,8.46,0.000238,Returned,0,C016,12
ORD260,P260,Apparel,7.05,11546.28,4411.13,170.46,Size issue,398,146.34,36.19,44.59,29.66,20.64,0.000162,Returned,0,C003,15
ORD261,P261,Appliances,8.84,7474.37,3097.08,553.03,Wrong item,146,52.69,67.3,20.72,191.57,40.99,0.000219,Returned,1,C025,6
ORD262,P262,Accessories,6.86,1725.65,0.0,0.0,Damaged,660,198.19,64.21,36.72,127.5,60.63,0.000206,Returned,1,C043,4
ORD263,P263,Accessories,1.44,9389.8,7260.06,24.71,Size issue,567,176.64,11.04,39.69,15.06,2.97,0.00025,Returned,0,C045,4
ORD264,P264,Books,6.53,3982.28,0.0,0.0,Customer error,234,81.39,58.69,49.96,155.84,68.01,0.0002,Returned,0,C048,8
ORD265,P265,Books,1.27,7733.95,3078.65,214.71,Wrong item,393,100.26,31.68,36.6,148.39,34.54,0.000186,Returned,1,C017,15
ORD266,P266,Appliances,2.15,11092.36,6451.63,705.22,Customer error,302,80.05,32.29,43.55,198.46,92.44,0.000226,Returned,0,C011,15
ORD267,P267,Appliances,1.79,1278.47,0.0,0.0,Customer error,727,196.65,47.95,44.42,7.97,70.98,0.000229,Returned,1,C039,6
ORD268,P268,Appliances,8.13,3736.65,2543.51,152.71,Damaged,706,217.45,77.73,45.24,186.17,69.46,0.000249,Returned,1,C030,9
ORD269,P269,Appliances,9.34,2047.28,667.93,556.29,Color issue,669,228.96,13.41,66.79,65.69,17.62,0.000162,Returned,0,C043,10
ORD270,P270,Apparel,2.08,755.96,404.37,408.9,Color issue,512,159.62,69.36,63.64,43.24,35.44,0.00022,Returned,0,C022,13
ORD271,P271,Electronics,2.61,4707.98,2047.25,292.53,Wrong item,497,102.62,18.47,17.91,122.87,72.83,0.000237,Returned,0,C038,10
ORD272,P272,Toys,0.92,7614.35,5635.09,778.71,Defective,390,91.22,13.47,18.55,155.7,40.96,0.000177,Returned,0,C011,13
ORD273,P273,Electronics,3.24,3547.38,2340.78,617.31,Size issue,327,93.73,15.14,52.64,15.81,44.13,0.000246,Returned,0,C011,12
ORD274,P274,Electronics,2.56,9067.76,3731.42,190.79,Damaged,680,254.34,28.01,24.21,19.87,58.69,0.000227,Returned,0,C046,13
ORD275,P275,Apparel,0.78,2775.78,969.12,91.31,Wrong item,522,189.69,12.89,69.57,66.56,42.03,0.000172,Returned,1,C010,12
ORD276,P276,Furniture,5.4,685.02,279.25,201.61,Defective,380,92.6,75.63,22.16,198.66,57.65,0.000214,Returned,0,C019,15
ORD277,P277,Furniture,7.68,1885.68,1479.18,234.38,Color issue,201,65.75,30.02,11.38,97.01,26.3,0.00019,Returned,0,C046,15
ORD278,P278,Appliances,7.64,9856.04,7559.16,178.78,Wrong item,387,96.58,65.85,54.9,20.46,30.06,0.000224,Returned,0,C022,7
ORD279,P279,Accessories,0.78,1226.26,707.11,475.05,Size issue,345,80.32,65.24,12.67,181.6,27.13,0.000217,Returned,0,C043,4
ORD280,P280,Toys,3.52,5792.09,0.0,0.0,Color issue,372,120.31,50.05,27.41,84.31,33.56,0.000192,Returned,1,C029,3
ORD281,P281,Furniture,3.48,9463.64,0.0,0.0,Damaged,363,78.7,49.52,68.65,33.15,53.5,0.000232,Returned,0,C018,12
ORD282,P282,Accessories,9.41,10171.1,0.0,0.0,Wrong item,642,248.69,54.26,37.01,157.75,28.51,0.000206,Returned,1,C029,10
ORD283,P283,Furniture,5.52,2264.66,0.0,0.0,Defective,702,210.16,53.19,19.12,179.95,69.83,0.00021,Returned,1,C007,8
ORD284,P284,Toys,1.83,7854.76,5518.83,99.4,Size issue,656,243.18,25.81,38.4,138.52,38.59,0.000216,Returned,0,C031,11
ORD285,P285,Furniture,8.3,3559.27,0.0,0.0,Color issue,602,196.6,44.06,50.05,43.66,2.14,0.000246,Returned,0,C009,5
ORD286,P286,Electronics,7.03,11145.44,0.0,0.0,Color issue,157,52.95,51.85,36.08,183.54,19.99,0.000173,Returned,0,C011,4
ORD287,P287,Furniture,2.56,5195.01,0.0,0.0,Damaged,480,181.45,10.55,59.4,7.44,1.43,0.000161,Returned,0,C012,8
ORD288,P288,Appliances,3.7,2235.66,1430.8,735.73,Wrong item,341,75.2,74.51,67.51,11.17,3.01,0.000171,Returned,0,C049,14
ORD289,P289,Books,7.42,11666.07,3761.65,420.2,Color issue,143,51.51,36.98,60.39,54.31,1.12,0.000196,Returned,1,C011,3
ORD290,P290,Furniture,9.15,8753.5,6325.18,847.36,Wrong item,289,74.22,15.14,45.43,80.04,95.94,0.000191,Returned,0,C042,12
ORD291,P291,Home Decor,1.95,11711.66,4042.67,834.81,Customer error,145,46.61,63.34,43.61,77.24,76.35,0.000239,Returned,0,C050,1
ORD292,P292,Toys,3.68,2308.92,1026.86,386.11,Wrong item,309,99.01,44.91,64.88,81.37,16.38,0.000201,Returned,0,C019,2
ORD293,P293,Apparel,4.94,8531.38,0.0,0.0,Defective,87,32.32,68.45,62.36,85.93,67.39,0.000183,Returned,1,C019,14
ORD294,P294,Accessories,3.85,8305.07,0.0,0.0,Customer error,424,138.07,78.52,63.91,54.29,46.26,0.000212,Returned,0,C020,9
ORD295,P295,Toys,0.84,8909.64,6494.52,848.7,Color issue,694,217.69,22.35,42.88,51.71,64.74,0.000177,Returned,1,C022,12
ORD296,P296,Apparel,5.98,10267.45,0.0,0.0,Wrong item,643,205.07,12.08,66.14,119.89,9.16,0.00023,Returned,1,C029,6
ORD297,P297,Apparel,2.44,2720.23,0.0,0.0,Damaged,94,36.14,24.85,21.32,98.97,21.14,0.000179,Returned,1,C049,15
ORD298,P298,Home Decor,3.35,9974.03,0.0,0.0,Color issue,269,101.78,20.46,42.76,121.46,75.38,0.000228,Returned,0,C048,15
ORD299,P299,Appliances,7.85,11417.7,8709.59,104.04,Customer error,417,100.4,36.82,36.79,198.07,1.84,0.000164,Returned,1,C026,6
ORD300,P300,Electronics,2.03,4609.3,2937.18,213.79,Defective,132,29.09,20.23,31.13,171.13,91.16,0.000213,Returned,1,C009,11
ORD301,P301,Books,8.98,10015.83,6300.55,565.19,Color issue,781,274.88,16.32,25.11,2.2,85.55,0.000229,Returned,0,C040,6
ORD302,P302,Apparel,2.93,8072.08,0.0,0.0,Customer error,762,185.1,77.65,45.52,123.62,69.22,0.000205,Returned,1,C004,5
ORD303,P303,Apparel,5.85,10834.85,3973.04,930.98,Customer error,531,130.63,46.54,24.97,105.84,88.25,0.000201,Returned,0,C048,13
ORD304,P304,Toys,9.5,2465.86,1453.19,211.95,Customer error,334,74.14,73.27,43.81,59.43,14.1,0.000165,Returned,0,C003,5
ORD305,P305,Electronics,0.51,8208.04,4064.8,744.13,Damaged,129,48.16,71.55,48.71,105.47,83.98,0.000176,Returned,0,C027,10
ORD306,P306,Toys,6.74,217.14,164.99,725.32,Defective,421,95.26,49.66,31.09,27.77,61.97,0.00024,Returned,0,C021,12
ORD307,P307,Electronics,7.45,10620.38,4945.3,974.07,Defective,410,143.84,69.32,61.67,138.94,11.63,0.000238,Returned,0,C040,6
ORD308,P308,Furniture,7.6,11722.96,0.0,0.0,Damaged,219,70.49,61.59,49.11,137.45,95.98,0.000231,Returned,1,C001,5
ORD309,P309,Home Decor,1.39,10783.6,7608.25,74.81,Wrong item,738,292.94,15.95,50.75,65.53,44.77,0.000233,Returned,0,C039,7
ORD310,P310,Home Decor,3.97,4056.98,0.0,0.0,Color issue,768,215.47,67.16,22.33,143.28,28.71,0.000178,Returned,1,C016,15
ORD311,P311,Apparel,1.38,10834.68,6343.33,706.36,Damaged,486,172.8,45.38,45.77,31.17,62.72,0.000196,Returned,0,C005,5
ORD312,P312,Books,7.43,8133.99,3392.44,645.71,Customer error,234,54.36,12.34,48.5,120.71,33.08,0.000178,Returned,0,C025,13
ORD313,P313,Apparel,8.47,1259.29,0.0,0.0,Color issue,321,105.91,71.73,38.72,183.66,69.63,0.000193,Returned,0,C038,12
ORD314,P314,Home Decor,1.2,1847.62,0.0,0.0,Size issue,567,170.96,27.37,31.57,95.69,98.91,0.000246,Returned,1,C029,3
ORD315,P315,Toys,1.28,2445.41,0.0,0.0,Size issue,365,100.59,32.84,22.3,98.62,5.41,0.000174,Returned,0,C020,11
ORD316,P316,Home Decor,7.97,6216.59,4194.59,964.39,Damaged,455,94.68,28.89,30.81,107.04,81.12,0.000165,Returned,0,C005,5
ORD317,P317,Accessories,8.28,3102.67,1519.56,952.51,Defective,355,87.52,76.2,42.13,15.82,3.8,0.000223,Returned,0,C006,3
ORD318,P318,Furniture,1.68,4741.91,0.0,0.0,Damaged,192,53.1,70.08,16.45,151.43,12.57,0.000197,Returned,0,C009,6
ORD319,P319,Toys,9.29,5079.07,1941.25,471.31,Defective,319,116.52,26.93,54.21,164.13,53.33,0.000226,Returned,0,C003,7
ORD320,P320,Furniture,3.96,2895.78,0.0,0.0,Wrong item,54,11.56,76.31,39.05,104.76,71.02,0.000166,Returned,1,C046,1
ORD321,P321,Electronics,1.24,7860.15,3617.79,965.07,Customer error,532,207.42,21.7,26.78,134.25,82.83,0.000219,Returned,0,C033,13
ORD322,P322,Accessories,8.16,2089.9,790.94,504.64,Wrong item,327,86.96,41.19,64.74,35.75,80.79,0.000234,Returned,0,C005,1
ORD323,P323,Electronics,4.76,2820.04,1506.28,561.65,Size issue,772,305.55,39.52,46.64,190.7,98.23,0.00016,Returned,0,C006,12
ORD324,P324,Books,7.33,4416.31,2570.75,795.14,Defective,448,145.67,78.93,15.13,49.53,36.07,0.000219,Returned,0,C018,14
ORD325,P325,Home Decor,0.54,911.17,0.0,0.0,Defective,207,44.35,62.45,67.74,63.17,94.94,0.000175,Returned,0,C047,8
ORD326,P326,Electronics,6.24,10522.77,3872.56,285.99,Customer error,680,173.63,36.21,37.13,67.72,92.45,0.000171,Returned,0,C030,6
ORD327,P327,Furniture,7.39,11570.12,7943.7,851.23,Color issue,158,36.2,28.14,57.97,19.98,73.1,0.000231,Returned,1,C022,3
ORD328,P328,Electronics,1.94,4335.23,0.0,0.0,Defective,62,22.22,44.27,53.66,44.49,21.3,0.000175,Returned,1,C026,10
ORD329,P329,Toys,0.97,1573.37,916.39,425.37,Color issue,389,147.01,74.17,40.47,150.66,43.99,0.00016,Returned,0,C010,4
ORD330,P330,Books,5.82,1337.96,758.54,187.01,Color issue,73,26.76,38.78,64.53,190.81,53.93,0.000242,Returned,0,C019,10
ORD331,P331,Appliances,2.97,5649.58,3659.82,949.68,Color issue,376,118.83,33.32,32.77,114.43,94.14,0.000229,Returned,0,C050,15
ORD332,P332,Apparel,5.48,1146.44,0.0,0.0,Size issue,345,116.86,32.79,25.02,121.43,29.14,0.000207,Returned,0,C009,6
ORD333,P333,Books,5.25,8723.92,4002.71,547.55,Color issue,112,41.18,38.32,65.13,195.45,65.85,0.000208,Returned,1,C042,15
ORD334,P334,Apparel,1.61,4544.34,0.0,0.0,Color issue,401,91.89,77.32,34.94,28.32,74.71,0.000233,Returned,0,C013,13
ORD335,P335,Toys,8.87,11264.29,6426.47,983.37,Customer error,506,137.61,30.38,13.92,83.03,57.37,0.0002,Returned,0,C020,8
ORD336,P336,Electronics,1.14,2358.98,1125.63,217.06,Damaged,371,144.4,36.47,68.41,58.49,9.19,0.000171,Returned,0,C012,15
ORD337,P337,Home Decor,6.35,11703.94,7902.58,706.4,Customer error,74,22.08,62.75,11.01,7.75,55.39,0.000202,Returned,0,C041,5
ORD338,P338,Appliances,5.03,9334.47,0.0,0.0,Color issue,373,94.06,53.0,69.57,28.09,64.32,0.000199,Returned,0,C038,9
ORD339,P339,Books,1.93,3615.73,0.0,0.0,Defective,772,241.95,40.83,37.33,113.21,86.76,0.000228,Returned,0,C040,2
ORD340,P340,Toys,7.62,1866.69,939.48,472.13,Damaged,242,65.29,28.07,40.95,160.77,66.78,0.000208,Returned,0,C042,6
ORD341,P341,Accessories,3.26,8822.95,3530.6,725.12,Defective,128,34.11,32.99,66.2,29.09,46.92,0.00022,Returned,0,C042,13
ORD342,P342,Toys,7.64,10837.11,6423.46,285.27,Customer error,242,65.18,19.38,32.93,123.62,10.87,0.000177,Returned,0,C022,12
ORD343,P343,Furniture,9.96,11016.41,7692.97,475.54,Damaged,635,171.66,67.19,18.62,12.99,52.02,0.000226,Returned,0,C039,15
ORD344,P344,Appliances,4.89,6687.62,0.0,0.0,Wrong item,626,219.68,72.22,17.41,7.97,46.56,0.000185,Returned,0,C035,10
ORD345,P345,Apparel,4.52,8948.5,5458.42,222.88,Customer error,670,152.56,26.0,22.79,142.11,46.04,0.000164,Returned,0,C016,6
ORD346,P346,Accessories,0.34,5035.68,3404.5,333.19,Customer error,691,244.69,46.39,54.47,83.33,92.1,0.00021,Returned,0,C009,2
ORD347,P347,Accessories,0.9,11379.03,5657.09,233.91,Customer error,339,108.81,50.93,61.75,39.21,45.68,0.000238,Returned,0,C046,11
ORD348,P348,Books,3.9,1785.26,0.0,0.0,Wrong item,57,14.87,51.82,14.48,50.28,98.71,0.000223,Returned,1,C019,14
ORD349,P349,Electronics,7.45,8840.56,0.0,0.0,Damaged,176,40.1,44.89,47.9,120.34,61.75,0.000186,Returned,0,C028,11
ORD350,P350,Home Decor,1.9,3269.56,2049.66,583.75,Wrong item,400,103.44,32.24,48.12,21.01,83.94,0.000172,Returned,0,C004,5
ORD351,P351,Books,3.18,926.32,672.82,97.91,Wrong item,104,28.89,22.22,41.33,163.44,58.49,0.000225,Returned,0,C014,9
ORD352,P352,Books,9.9,7733.97,4469.4,137.09,Size issue,289,88.16,36.94,66.77,161.03,37.75,0.000195,Returned,0,C019,7
ORD353,P353,Books,9.18,9372.42,6672.84,909.17,Wrong item,136,27.84,36.66,26.5,143.42,31.87,0.000175,Returned,0,C016,12
ORD354,P354,Furniture,4.06,8827.26,0.0,0.0,Size issue,583,119.4,48.27,23.81,85.71,80.65,0.000164,Returned,0,C027,14
ORD355,P355,Appliances,0.38,6520.57,2427.74,704.65,Defective,633,175.89,13.57,22.24,126.28,12.31,0.000226,Returned,0,C042,6
ORD356,P356,Toys,2.1,1065.78,0.0,0.0,Customer error,83,25.42,13.3,64.67,138.27,63.61,0.000171,Returned,0,C022,15
ORD357,P357,Appliances,3.08,3018.61,2144.97,176.15,Wrong item,461,157.4,62.29,26.33,65.47,60.35,0.0002,Returned,0,C044,6
ORD358,P358,Toys,9.84,3103.45,1703.8,587.04,Customer error,527,168.84,21.05,32.88,122.3,11.24,0.00018,Returned,0,C015,14
ORD359,P359,Accessories,6.0,8965.94,6079.48,745.03,Defective,311,114.48,44.49,13.25,59.95,14.77,0.00018,Returned,1,C036,4
ORD360,P360,Books,9.38,1871.75,906.57,399.98,Color issue,611,124.82,39.28,40.07,146.34,23.21,0.000246,Returned,0,C045,13
ORD361,P361,Accessories,4.96,11906.24,7761.89,685.87,Customer error,590,206.99,59.76,16.78,124.34,92.13,0.000185,Returned,1,C030,5
ORD362,P362,Accessories,5.08,3323.25,1083.91,113.01,Customer error,682,228.03,64.43,34.98,6.75,45.36,0.000188,Returned,1,C047,6
ORD363,P363,Appliances,7.73,9197.78,6330.34,351.62,Customer error,252,60.63,49.37,66.73,87.47,4.53,0.000243,Returned,0,C033,14
ORD364,P364,Apparel,2.22,3109.82,1638.15,22.03,Damaged,490,148.52,19.84,40.88,84.27,86.19,0.000239,Returned,1,C031,13
ORD365,P365,Electronics,4.45,3076.82,0.0,0.0,Wrong item,364,117.42,60.81,61.25,97.44,90.97,0.000229,Returned,0,C006,9
ORD366,P366,Apparel,7.11,9566.01,4959.07,585.08,Color issue,467,108.68,73.17,41.23,112.98,9.6,0.000183,Returned,1,C032,14
ORD367,P367,Books,0.82,2496.42,1415.89,374.06,Customer error,307,64.72,76.25,58.72,135.71,37.93,0.000219,Returned,0,C009,2
ORD368,P368,Home Decor,3.05,1621.03,0.0,0.0,Color issue,659,238.32,62.94,20.93,105.19,84.83,0.000225,Returned,1,C001,12
ORD369,P369,Electronics,6.68,4409.59,2304.87,29.79,Damaged,484,133.16,47.88,38.49,158.92,80.76,0.000233,Returned,0,C042,12
ORD370,P370,Apparel,6.06,9831.53,3658.56,38.0,Defective,663,189.16,20.36,65.75,46.87,32.31,0.000224,Returned,0,C002,15
ORD371,P371,Furniture,4.18,4305.18,0.0,0.0,Wrong item,180,37.49,12.96,39.38,126.53,93.52,0.000185,Returned,0,C027,14
ORD372,P372,Furniture,7.2,6220.9,0.0,0.0,Customer error,289,73.35,56.66,42.38,135.83,50.28,0.000219,Returned,0,C015,12
ORD373,P373,Furniture,8.75,9556.46,4284.04,379.46,Defective,667,163.41,50.36,38.58,60.39,17.65,0.000173,Returned,0,C030,6
ORD374,P374,Books,8.9,10210.74,5879.93,576.09,Color issue,295,109.4,38.64,28.99,91.55,72.21,0.00023,Returned,0,C043,8
ORD375,P375,Accessories,4.0,5293.49,2203.04,607.86,Color issue,695,168.87,36.28,45.2,182.92,44.73,0.00019,Returned,0,C032,9
ORD376,P376,Electronics,8.16,3320.75,1868.4,23.49,Size issue,235,91.56,25.39,33.78,38.77,14.57,0.000173,Returned,0,C020,11
ORD377,P377,Apparel,9.49,1772.69,966.39,30.32,Color issue,775,207.45,60.97,61.24,123.6,79.17,0.000217,Returned,0,C045,1
ORD378,P378,Apparel,0.92,5110.65,0.0,0.0,Defective,228,71.15,13.66,52.35,107.72,30.18,0.000207,Returned,0,C041,3
ORD379,P379,Apparel,9.86,11189.43,4555.45,707.65,Defective,102,29.76,11.21,26.2,119.62,85.47,0.000179,Returned,1,C042,7
ORD380,P380,Apparel,3.35,1108.15,446.81,653.17,Damaged,247,68.36,24.24,19.37,11.33,43.91,0.000161,Returned,0,C019,13
ORD381,P381,Appliances,0.52,1816.65,1364.32,119.41,Damaged,437,107.73,70.95,10.64,188.52,71.41,0.000221,Returned,0,C010,5
ORD382,P382,Apparel,0.55,2272.2,932.72,784.93,Customer error,347,88.97,53.3,55.26,104.84,72.44,0.000209,Returned,1,C002,11
ORD383,P383,Toys,7.08,2713.08,0.0,0.0,Customer error,263,71.66,12.25,60.03,195.64,93.19,0.000171,Returned,1,C047,10
ORD384,P384,Appliances,7.5,4264.23,0.0,0.0,Customer error,170,47.0,68.98,69.29,138.93,22.02,0.000195,Returned,1,C024,8
ORD385,P385,Apparel,1.39,8457.39,3600.95,237.65,Defective,682,253.05,60.38,30.2,131.12,79.77,0.000175,Returned,0,C015,2
ORD386,P386,Toys,6.7,7447.27,0.0,0.0,Color issue,627,152.77,39.58,21.42,0.2,99.29,0.00024,Returned,0,C033,14
ORD387,P387,Books,5.89,1779.33,0.0,0.0,Color issue,555,122.57,33.65,36.18,196.21,8.53,0.00018,Returned,1,C026,8
ORD388,P388,Electronics,0.8,7839.98,5137.0,435.48,Size issue,50,15.0,26.37,20.61,35.63,54.29,0.000245,Returned,0,C031,15
ORD389,P389,Home Decor,9.42,3859.79,2238.73,362.01,Customer error,450,134.64,74.73,22.35,44.98,25.07,0.000192,Returned,0,C002,2
ORD390,P390,Books,5.43,8633.5,4524.34,896.51,Defective,566,122.0,31.11,51.17,162.93,82.84,0.000219,Returned,0,C004,6
ORD391,P391,Home Decor,7.86,7110.19,2418.81,18.87,Wrong item,487,156.61,73.64,68.89,121.65,74.46,0.000214,Returned,1,C049,15
ORD392,P392,Appliances,2.82,2695.13,0.0,0.0,Defective,584,209.68,40.57,12.82,118.88,32.95,0.000196,Returned,1,C030,13
ORD393,P393,Home Decor,6.97,7514.28,4731.52,132.04,Defective,74,25.02,66.26,65.39,20.65,27.81,0.000164,Returned,0,C006,10
ORD394,P394,Accessories,1.62,9299.48,4985.71,216.89,Damaged,786,279.95,64.97,40.52,3.39,9.49,0.000189,Returned,0,C011,12
ORD395,P395,Electronics,0.24,4721.05,0.0,0.0,Damaged,597,179.4,24.42,67.95,48.51,43.09,0.000243,Returned,1,C031,4
ORD396,P396,Books,4.15,4809.13,3379.87,112.74,Color issue,663,163.92,30.8,26.68,159.21,48.26,0.000236,Returned,1,C027,7
ORD397,P397,Apparel,8.85,10520.91,0.0,0.0,Size issue,82,27.99,60.43,13.1,172.29,1.13,0.00022,Returned,0,C033,12
ORD398,P398,Toys,9.22,10886.56,6668.41,592.27,Size issue,115,31.69,58.22,64.94,138.32,57.16,0.00023,Returned,0,C009,10
ORD399,P399,Appliances,9.69,10743.86,7648.03,757.32,Wrong item,623,128.37,18.75,17.0,59.07,3.55,0.000231,Returned,0,C043,7
ORD400,P400,Electronics,0.58,3270.42,2277.72,142.47,Wrong item,101,24.19,15.34,18.79,166.9,73.87,0.000163,Returned,0,C023,6
ORD401,P401,Furniture,7.89,2103.01,0.0,0.0,Customer error,553,201.85,40.42,34.62,56.45,71.71,0.0002,Returned,0,C007,10
ORD402,P402,Furniture,0.22,781.08,397.44,447.49,Customer error,175,51.1,39.37,43.51,155.61,59.87,0.000198,Returned,0,C049,4
ORD403,P403,Apparel,4.63,6572.98,0.0,0.0,Damaged,404,106.49,23.49,13.91,78.14,42.16,0.00024,Returned,0,C027,14
ORD404,P404,Appliances,8.44,203.68,106.53,833.36,Size issue,295,80.85,54.06,18.59,60.63,31.1,0.000249,Returned,0,C016,15
ORD405,P405,Books,1.48,11598.99,5430.42,25.46,Wrong item,641,217.84,71.55,14.72,175.88,28.16,0.000203,Returned,0,C017,2
ORD406,P406,Apparel,7.19,11307.32,0.0,0.0,Defective,333,73.56,22.6,30.67,153.14,89.2,0.000217,Returned,1,C037,5
ORD407,P407,Furniture,5.58,7079.1,4760.58,451.46,Size issue,442,130.74,31.47,24.9,143.93,93.81,0.000164,Returned,0,C002,3
ORD408,P408,Electronics,6.68,2543.1,919.38,414.91,Damaged,597,165.99,68.02,64.97,19.93,52.37,0.000189,Returned,0,C027,6
ORD409,P409,Electronics,4.23,5558.94,2096.57,929.85,Size issue,681,253.58,50.14,29.99,188.04,98.15,0.000208,Returned,1,C002,8
ORD410,P410,Appliances,6.84,9982.56,6131.1,138.02,Color issue,108,33.29,49.81,22.78,35.48,77.59,0.000223,Returned,0,C022,2
ORD411,P411,Electronics,1.53,5466.53,2131.88,125.54,Wrong item,163,46.59,76.33,64.46,109.93,7.93,0.000236,Returned,1,C050,3
ORD412,P412,Apparel,1.84,5857.77,2640.94,492.76,Size issue,637,150.35,58.24,43.4,19.76,29.86,0.000207,Returned,0,C013,4
ORD413,P413,Electronics,9.5,7184.05,3025.79,265.89,Size issue,142,33.28,22.15,56.62,35.34,42.3,0.000172,Returned,0,C027,2
ORD414,P414,Home Decor,1.75,6354.51,0.0,0.0,Damaged,61,19.62,60.94,10.4,139.22,59.34,0.000248,Returned,0,C045,12
ORD415,P415,Accessories,0.84,1727.94,0.0,0.0,Size issue,405,132.46,39.79,20.96,81.65,42.56,0.000202,Returned,0,C016,4
ORD416,P416,Apparel,0.68,1151.05,0.0,0.0,Color issue,787,284.5,44.47,67.89,185.81,22.38,0.000245,Returned,0,C048,14
ORD417,P417,Accessories,7.76,8850.39,2891.28,827.84,Customer error,573,123.93,73.97,41.13,98.08,50.61,0.00019,Returned,1,C038,5
ORD418,P418,Toys,9.94,11521.65,7652.2,318.67,Size issue,689,198.69,43.05,37.92,118.19,95.43,0.000183,Returned,0,C006,1
ORD419,P419,Furniture,3.27,11768.03,6611.18,526.33,Damaged,303,115.61,66.18,48.93,70.41,3.23,0.000245,Returned,0,C029,14
ORD420,P420,Electronics,8.56,1179.0,0.0,0.0,Defective,69,21.76,38.42,63.03,63.43,91.65,0.000165,Returned,1,C031,5
ORD421,P421,Accessories,4.18,2285.18,1524.52,576.73,Customer error,364,134.76,12.85,14.09,173.13,99.6,0.000197,Returned,0,C044,11
ORD422,P422,Furniture,1.05,11676.36,6431.57,520.42,Damaged,242,84.19,66.8,11.04,161.67,51.26,0.000195,Returned,0,C043,7
ORD423,P423,Accessories,5.07,3504.39,0.0,0.0,Defective,323,81.99,30.75,30.03,91.78,99.73,0.000246,Returned,0,C020,3
ORD424,P424,Accessories,9.59,1800.58,0.0,0.0,Wrong item,423,92.67,66.5,28.71,40.72,52.85,0.000196,Returned,1,C017,13
ORD425,P425,Books,5.59,8414.33,0.0,0.0,Defective,352,91.97,55.08,60.7,128.68,47.26,0.00017,Returned,0,C002,11
ORD426,P426,Appliances,2.62,766.74,450.01,567.85,Defective,288,66.86,71.99,41.95,5.28,24.0,0.000204,Returned,1,C005,4
ORD427,P427,Books,5.8,7908.91,0.0,0.0,Size issue,422,99.57,53.3,68.41,87.27,47.21,0.000208,Returned,0,C014,3
ORD428,P428,Apparel,3.09,7147.94,4903.64,232.17,Color issue,756,195.26,15.64,54.5,90.54,3.96,0.000171,Returned,0,C001,12
ORD429,P429,Apparel,4.34,6078.5,2790.62,972.94,Size issue,617,201.2,16.76,16.97,106.2,59.08,0.000174,Returned,0,C022,9
ORD430,P430,Books,4.52,5602.6,3012.02,337.92,Color issue,536,107.63,57.31,48.38,127.36,22.94,0.000209,Returned,1,C039,11
ORD431,P431,Toys,9.06,7593.91,0.0,0.0,Damaged,585,183.23,59.4,61.17,96.09,26.74,0.0002,Returned,0,C003,13
ORD432,P432,Furniture,5.06,7148.44,2426.0,375.47,Customer error,355,112.59,25.67,41.67,174.04,49.6,0.000161,Returned,0,C043,5
ORD433,P433,Appliances,1.12,385.65,198.46,918.4,Wrong item,348,70.76,53.82,16.43,151.4,6.29,0.000182,Returned,1,C009,9
ORD434,P434,Furniture,4.77,1331.11,0.0,0.0,Defective,201,67.98,15.24,10.1,89.02,96.79,0.000221,Returned,1,C047,7
ORD435,P435,Electronics,8.35,777.32,296.26,290.83,Defective,413,152.21,37.6,64.3,167.04,99.74,0.000196,Returned,0,C033,15
ORD436,P436,Accessories,4.65,9017.96,0.0,0.0,Size issue,601,194.16,61.41,12.93,47.49,87.97,0.000176,Returned,0,C003,15
ORD437,P437,Books,7.72,1201.01,0.0,0.0,Color issue,542,114.85,60.77,18.69,62.21,69.1,0.000232,Returned,0,C005,10
ORD438,P438,Furniture,7.3,10391.87,3766.78,284.46,Damaged,264,54.83,40.89,66.24,41.03,93.7,0.000201,Returned,0,C015,11
ORD439,P439,Books,7.03,7789.02,5503.26,448.51,Damaged,164,57.69,53.9,47.89,130.24,95.76,0.000219,Returned,1,C012,5
ORD440,P440,Appliances,8.89,8635.23,0.0,0.0,Color issue,798,186.31,24.22,25.18,44.74,44.22,0.000234,Returned,0,C035,9
ORD441,P441,Toys,6.22,2260.71,1255.1,66.68,Defective,557,207.46,67.34,25.43,4.0,97.88,0.000182,Returned,0,C043,3
ORD442,P442,Furniture,6.04,11963.71,5051.82,649.56,Defective,240,85.88,16.05,26.25,139.32,82.87,0.000176,Returned,0,C021,5
ORD443,P443,Furniture,7.87,10757.19,5793.1,659.16,Size issue,454,141.97,26.92,40.4,152.87,48.09,0.000193,Returned,0,C003,7
ORD444,P444,Furniture,7.74,1419.58,0.0,0.0,Size issue,508,109.67,56.29,50.28,17.87,91.25,0.000209,Returned,1,C016,1
ORD445,P445,Home Decor,3.47,4143.58,1735.5,646.46,Damaged,699,167.98,47.22,45.06,64.45,0.47,0.000231,Returned,1,C037,14
ORD446,P446,Furniture,1.38,11940.25,5432.69,848.76,Wrong item,439,163.34,45.63,44.77,65.44,33.03,0.00022,Returned,0,C015,7
ORD447,P447,Appliances,6.04,8097.8,4256.62,168.3,Size issue,550,118.07,38.64,49.42,5.92,43.8,0.000204,Returned,0,C031,9
ORD448,P448,Apparel,8.66,9060.25,0.0,0.0,Size issue,368,126.11,26.62,38.93,56.62,65.01,0.000198,Returned,1,C039,15
ORD449,P449,Apparel,4.77,799.05,518.31,175.63,Defective,755,172.04,45.98,66.41,57.07,23.85,0.000241,Returned,0,C001,13
ORD450,P450,Accessories,4.82,3124.72,2350.64,223.71,Color issue,595,194.55,22.55,34.31,109.47,37.71,0.000221,Returned,0,C003,4
ORD451,P451,Furniture,2.85,2608.1,1916.69,531.08,Damaged,658,163.72,20.0,63.35,33.23,32.94,0.00024,Returned,0,C043,15
ORD452,P452,Appliances,0.66,1952.06,1178.12,318.33,Damaged,440,163.36,59.62,14.29,21.98,97.74,0.000209,Returned,1,C048,15
ORD453,P453,Toys,5.91,4854.59,3202.99,179.84,Wrong item,146,43.2,44.9,38.22,164.11,36.13,0.000167,Returned,0,C022,3
ORD454,P454,Appliances,5.83,7926.3,4130.79,427.12,Size issue,528,149.71,54.27,33.02,180.48,40.43,0.000178,Returned,0,C004,6
ORD455,P455,Electronics,9.11,2907.83,1635.16,532.78,Wrong item,616,147.06,45.78,51.5,154.95,60.38,0.000175,Returned,0,C043,7
ORD456,P456,Appliances,9.27,5366.88,4053.72,571.16,Defective,593,191.66,16.27,58.17,158.44,74.63,0.000182,Returned,0,C028,5
ORD457,P457,Books,3.16,590.71,430.95,187.13,Damaged,625,136.25,77.38,61.13,159.26,92.64,0.000184,Returned,1,C005,10
ORD458,P458,Accessories,1.68,8807.72,0.0,0.0,Wrong item,113,22.61,46.92,56.12,33.8,1.12,0.000182,Returned,0,C016,12
ORD459,P459,Furniture,2.72,10664.02,4702.51,603.53,Damaged,581,156.3,73.27,38.38,173.24,22.35,0.000196,Returned,0,C037,9
ORD460,P460,Books,5.48,686.06,214.96,474.46,Color issue,575,208.89,22.01,50.17,78.93,84.63,0.000194,Returned,1,C010,11
ORD461,P461,Accessories,5.97,6429.21,3539.93,898.22,Defective,165,49.77,53.23,11.17,152.8,14.73,0.000218,Returned,0,C033,13
ORD462,P462,Accessories,7.65,2861.06,1068.81,567.55,Wrong item,394,85.92,20.69,65.67,138.68,62.34,0.000171,Returned,0,C011,10
ORD463,P463,Apparel,6.06,4420.44,0.0,0.0,Customer error,502,125.97,36.96,32.36,80.0,3.31,0.000187,Returned,0,C048,2
ORD464,P464,Home Decor,9.87,8862.25,5111.67,362.6,Defective,328,94.51,54.89,13.82,88.1,11.78,0.000203,Returned,1,C011,4
ORD465,P465,Apparel,9.19,10757.65,0.0,0.0,Damaged,439,166.89,37.96,15.46,150.57,78.67,0.000214,Returned,0,C050,9
ORD466,P466,Books,6.0,9965.79,4177.76,511.39,Wrong item,273,105.62,19.96,45.04,79.9,30.27,0.000238,Returned,0,C045,5
ORD467,P467,Books,5.15,9480.39,4553.6,399.94,Damaged,61,20.9,61.72,37.28,15.2,91.99,0.000188,Returned,0,C004,9
ORD468,P468,Accessories,3.75,7141.29,5005.74,290.53,Size issue,382,142.85,64.4,61.58,155.47,88.96,0.000247,Returned,0,C005,10
ORD469,P469,Apparel,8.89,8970.25,3080.5,966.26,Damaged,701,247.28,49.58,32.19,164.18,99.34,0.000205,Returned,1,C003,7
ORD470,P470,Home Decor,5.65,9030.65,4564.71,42.74,Wrong item,688,161.35,24.68,66.89,142.55,15.82,0.000164,Returned,0,C034,5
ORD471,P471,Appliances,4.95,2725.27,931.47,732.37,Customer error,697,216.31,18.41,69.55,157.67,52.76,0.000205,Returned,0,C032,8
ORD472,P472,Electronics,3.28,3071.6,2225.5,778.52,Color issue,575,207.54,48.99,17.59,179.73,64.6,0.000218,Returned,0,C038,4
ORD473,P473,Appliances,2.36,1424.29,0.0,0.0,Color issue,631,165.72,49.32,46.38,91.47,28.57,0.000186,Returned,1,C036,7
ORD474,P474,Home Decor,4.03,5280.31,3646.16,56.94,Defective,447,166.55,19.47,69.11,72.12,62.08,0.000245,Returned,0,C033,4
ORD475,P475,Accessories,9.2,4649.03,3509.94,660.47,Damaged,339,115.67,52.39,15.18,143.44,72.34,0.000209,Returned,0,C009,1
ORD476,P476,Toys,4.46,219.37,0.0,0.0,Defective,407,149.09,56.23,32.22,156.37,64.14,0.000206,Returned,0,C046,2
ORD477,P477,Home Decor,7.62,5841.81,0.0,0.0,Damaged,241,64.86,19.29,58.67,156.48,96.96,0.000245,Returned,0,C026,10
ORD478,P478,Appliances,7.6,11862.35,0.0,0.0,Wrong item,148,41.06,58.8,31.41,60.81,50.06,0.000238,Returned,0,C027,13
ORD479,P479,Books,8.74,8429.98,5831.29,225.19,Size issue,363,81.77,54.69,10.69,40.01,25.49,0.000242,Returned,0,C034,8
ORD480,P480,Books,9.62,1289.99,431.92,1.0,Defective,541,165.27,20.23,49.56,167.7,78.62,0.000203,Returned,0,C014,13
ORD481,P481,Accessories,9.24,8556.53,3233.04,824.47,Size issue,186,65.43,69.81,62.1,149.47,42.7,0.00016,Returned,0,C015,3
ORD482,P482,Electronics,9.57,6671.98,3951.74,328.7,Size issue,466,167.87,43.12,66.82,70.8,58.23,0.000212,Returned,0,C006,9
ORD483,P483,Apparel,5.99,6357.74,4871.38,784.68,Size issue,800,225.9,35.86,35.85,175.33,67.82,0.000211,Returned,0,C002,1
ORD484,P484,Furniture,9.27,9700.71,7478.22,988.42,Wrong item,128,50.83,55.16,40.75,122.97,51.89,0.000165,Returned,0,C039,1
ORD485,P485,Accessories,5.45,277.07,202.33,372.43,Wrong item,405,138.71,55.67,24.73,9.07,62.95,0.000164,Returned,0,C022,6
ORD486,P486,Toys,4.0,5130.83,0.0,0.0,Customer error,424,133.02,76.17,38.24,97.85,68.82,0.000173,Returned,0,C048,5
ORD487,P487,Appliances,9.12,264.39,0.0,0.0,Damaged,200,57.99,23.38,37.17,142.94,50.35,0.000172,Returned,1,C013,9
ORD488,P488,Furniture,7.56,10817.74,6441.34,787.14,Customer error,599,182.28,46.41,47.49,184.29,58.11,0.00019,Returned,0,C027,5
ORD489,P489,Furniture,9.34,2287.38,1587.26,826.62,Defective,768,245.24,35.67,28.85,132.24,46.46,0.000225,Returned,1,C015,2
ORD490,P490,Apparel,2.23,10167.55,0.0,0.0,Defective,559,202.26,13.98,14.63,191.31,98.28,0.000197,Returned,1,C049,13
ORD491,P491,Apparel,4.45,11505.07,0.0,0.0,Wrong item,775,263.21,55.14,58.28,22.88,30.12,0.000232,Returned,0,C029,15
ORD492,P492,Furniture,4.08,9432.79,0.0,0.0,Size issue,713,191.67,32.51,60.22,19.43,2.46,0.000211,Returned,0,C049,3
ORD493,P493,Electronics,4.92,5032.56,0.0,0.0,Defective,728,257.2,76.58,32.24,168.27,96.16,0.000166,Returned,0,C036,13
ORD494,P494,Electronics,2.27,922.34,509.83,433.33,Size issue,205,46.2,75.1,68.98,158.37,67.79,0.000197,Returned,0,C024,3
ORD495,P495,Furniture,9.21,10190.78,5449.04,858.03,Customer error,439,164.86,39.99,61.22,85.14,77.7,0.000245,Returned,0,C050,10
ORD496,P496,Electronics,7.39,5488.25,2558.95,659.88,Wrong item,677,177.08,77.89,48.2,137.54,55.69,0.00021,Returned,0,C033,5
ORD497,P497,Accessories,9.21,9304.56,3240.71,212.67,Wrong item,744,256.32,24.58,41.22,92.4,5.35,0.000187,Returned,0,C031,12
ORD498,P498,Appliances,8.75,11652.19,0.0,0.0,Damaged,411,148.25,53.76,38.74,162.87,21.78,0.000199,Returned,0,C007,10
ORD499,P499,Home Decor,1.78,7691.02,5197.36,103.02,Color issue,705,208.36,29.94,45.79,90.48,77.45,0.000166,Returned,0,C005,9
ORD500,P500,Accessories,4.36,6127.02,3367.8,862.63,Damaged,225,77.25,64.31,50.3,133.13,14.12,0.000181,Returned,0,C030,3
